Dep_ID,Video_ID,Response,Site,Site_Rep,Dep_Event,Ipad_ID,Loom_Speed,Group_Size,Percentage_Missing
1,1,No,1,1,1,1,4.0,6,0.0
1,2,No,1,1,2,1,1.0,11,0.0
1,3,No,1,1,3,1,0.5,11,18.18181818181818
1,4,No,1,1,4,1,1.0,6,16.66666666666666
1,5,No,1,1,5,1,2.0,10,0.0
1,6,No,1,1,6,1,1.0,10,0.0
1,7,No,1,1,7,1,7.0,10,0.0
1,9,No,1,1,9,1,0.5,4,0.0
1,11,No,1,1,11,1,6.0,11,18.18181818181818
1,12,No,1,1,12,1,1.0,10,10.0
1,14,Yes,1,1,14,1,8.0,12,8.333333333333332
1,15,Yes,1,1,15,1,8.0,17,11.76470588235294
1,16,Yes,1,1,16,1,6.0,17,29.41176470588236
1,17,No,1,1,17,1,0.5,10,10.0
1,18,No,1,1,18,1,0.5,10,10.0
1,19,No,1,1,19,1,2.0,12,0.0
1,20,Yes,1,1,20,1,6.0,12,25.0
1,23,Yes,1,1,21,1,6.0,7,0.0
1,26,Yes,1,1,24,1,6.0,8,0.0
1,28,No,1,1,26,1,1.0,10,10.0
1,29,Yes,1,1,27,1,8.0,7,28.57142857142857
1,30,No,1,1,28,1,2.0,10,0.0
1,31,No,1,1,29,1,1.0,7,0.0
1,33,Yes,1,1,31,1,6.0,10,0.0
1,34,No,1,1,32,1,0.5,8,0.0
2,40,No,2,1,1,1,1.0,8,0.0
2,41,Yes,2,1,2,1,2.0,8,25.0
2,42,Yes,2,1,3,1,4.0,7,0.0
2,43,Yes,2,1,4,1,6.0,8,0.0
2,44,No,2,1,5,1,1.0,8,12.5
2,45,No,2,1,6,1,1.0,9,22.22222222222222
2,48,Yes,2,1,9,1,4.0,9,11.11111111111111
2,50,No,2,1,11,1,6.0,6,16.66666666666666
2,52,No,2,1,13,1,6.0,8,0.0
2,53,No,2,1,14,1,0.5,6,0.0
2,54,Yes,2,1,15,1,6.0,7,14.28571428571428
2,55,No,2,1,16,1,1.0,6,0.0
2,57,No,2,1,17,1,0.5,5,0.0
2,58,Yes,2,1,18,1,2.0,8,0.0
2,59,No,2,1,19,1,2.0,5,0.0
2,60,Yes,2,1,20,1,6.0,9,22.22222222222222
2,61,Yes,2,1,21,1,6.0,7,0.0
2,62,Yes,2,1,22,1,4.0,7,14.28571428571428
2,63,No,2,1,23,1,6.0,5,0.0
2,65,No,2,1,25,1,0.5,6,0.0
2,66,No,2,1,26,1,0.5,8,25.0
2,69,No,2,1,29,1,0.5,6,16.66666666666666
2,71,No,2,1,31,1,8.0,5,0.0
2,73,No,2,1,33,1,2.0,8,12.5
3,76,No,1,2,1,1,1.0,8,25.0
3,77,No,1,2,2,1,6.0,19,10.52631578947368
3,78,No,1,2,3,1,2.0,15,0.0
3,79,No,1,2,4,1,0.5,10,0.0
3,80,No,1,2,5,1,2.0,5,0.0
3,81,No,1,2,6,1,4.0,11,9.090909090909092
3,82,No,1,2,7,1,1.0,14,0.0
3,84,No,1,2,9,1,1.0,12,0.0
3,85,No,1,2,10,1,7.0,9,11.11111111111111
3,86,No,1,2,11,1,6.0,10,0.0
3,87,No,1,2,12,1,2.0,12,8.333333333333332
3,88,No,1,2,13,1,0.5,12,0.0
3,89,No,1,2,14,1,6.0,8,0.0
3,90,No,1,2,15,1,4.0,10,0.0
3,91,No,1,2,16,1,2.0,10,0.0
3,92,Yes,1,2,17,1,4.0,11,18.18181818181818
3,93,No,1,2,18,1,0.5,10,10.0
3,94,No,1,2,19,1,0.5,7,0.0
3,95,No,1,2,20,1,2.0,10,20.0
3,102,No,1,2,27,1,2.0,12,8.333333333333332
3,103,No,1,2,28,1,4.0,7,0.0
4,112,No,1,3,1,1,2.0,15,0.0
4,113,No,1,3,2,1,1.0,13,0.0
4,114,No,1,3,3,1,0.5,15,6.666666666666667
4,115,No,1,3,4,1,2.0,14,7.142857142857142
4,116,Yes,1,3,5,1,8.0,10,10.0
4,117,No,1,3,6,1,4.0,15,26.66666666666667
4,118,No,1,3,7,1,6.0,15,0.0
4,119,No,1,3,8,1,4.0,11,9.090909090909092
4,120,No,1,3,9,1,0.5,10,20.0
4,121,No,1,3,10,1,2.0,10,0.0
4,122,Yes,1,3,11,1,8.0,11,0.0
4,123,No,1,3,12,1,1.0,14,0.0
4,124,No,1,3,13,1,6.0,12,0.0
4,125,No,1,3,14,1,0.5,17,17.64705882352941
4,126,No,1,3,15,1,6.0,14,7.142857142857142
4,127,No,1,3,16,1,4.0,9,0.0
4,128,No,1,3,17,1,2.0,10,0.0
4,130,No,1,3,19,1,0.5,13,7.692307692307693
4,132,No,1,3,20,1,6.0,9,0.0
4,133,No,1,3,21,1,4.0,14,0.0
4,134,Yes,1,3,22,1,8.0,14,0.0
4,135,No,1,3,23,1,2.0,11,0.0
4,136,No,1,3,24,1,1.0,13,0.0
4,137,No,1,3,25,1,0.5,15,13.33333333333333
4,139,No,1,3,26,1,2.0,15,13.33333333333333
4,140,No,1,3,27,1,0.5,16,0.0
4,141,No,1,3,28,1,4.0,13,0.0
4,142,No,1,3,29,1,1.0,14,0.0
4,143,Yes,1,3,30,1,7.0,14,0.0
4,144,No,1,3,31,1,1.0,15,0.0
5,145,No,1,4,1,1,8.0,9,11.11111111111111
5,146,No,1,4,2,1,1.0,11,18.18181818181818
5,147,No,1,4,3,1,6.0,20,5.0
5,149,No,1,4,4,1,0.5,12,0.0
5,150,No,1,4,5,1,4.0,13,0.0
5,151,No,1,4,6,1,8.0,13,0.0
5,152,No,1,4,7,1,6.0,12,0.0
5,153,No,1,4,8,1,2.0,10,20.0
5,154,No,1,4,9,1,0.5,13,23.07692307692308
5,155,No,1,4,10,1,1.0,13,15.38461538461539
5,157,No,1,4,12,1,2.0,9,0.0
5,158,No,1,4,13,1,0.5,12,8.333333333333332
5,159,No,1,4,14,1,5.0,12,8.333333333333332
5,160,No,1,4,15,1,8.0,12,16.66666666666666
5,162,No,1,4,17,1,4.0,14,7.142857142857142
5,163,No,1,4,18,1,1.0,14,0.0
5,164,No,1,4,19,1,2.0,15,0.0
5,165,No,1,4,20,1,0.5,14,0.0
5,166,No,1,4,21,1,1.0,14,7.142857142857142
5,167,No,1,4,22,1,4.0,12,0.0
5,168,Yes,1,4,23,1,8.0,14,7.142857142857142
5,169,No,1,4,24,1,2.0,13,0.0
5,170,No,1,4,25,1,6.0,14,0.0
5,172,No,1,4,26,1,2.0,10,20.0
5,173,No,1,4,27,1,4.0,13,7.692307692307693
5,174,No,1,4,28,1,1.0,12,0.0
5,175,Yes,1,4,29,1,7.0,10,0.0
5,176,No,1,4,30,1,1.0,9,0.0
5,178,No,1,4,31,1,0.5,8,0.0
6,182,No,3,1,1,1,1.0,29,6.896551724137931
6,183,Yes,3,1,2,1,7.0,27,11.11111111111111
6,184,No,3,1,3,1,4.0,33,3.03030303030303
6,186,Yes,3,1,4,1,6.0,31,6.451612903225806
6,187,Yes,3,1,5,1,4.0,35,14.28571428571428
6,188,No,3,1,6,1,1.0,27,3.703703703703703
6,189,Yes,3,1,7,1,7.0,32,9.375
6,190,No,3,1,8,1,0.5,37,2.702702702702703
6,191,Yes,3,1,9,1,5.0,36,0.0
6,192,No,3,1,10,1,2.0,39,10.25641025641026
6,193,No,3,1,11,1,1.0,23,8.695652173913043
6,194,Yes,3,1,12,1,4.0,27,7.407407407407407
6,195,Yes,3,1,13,1,8.0,34,20.58823529411764
6,196,No,3,1,14,1,2.0,28,14.28571428571428
6,197,No,3,1,15,1,4.0,24,0.0
6,198,Yes,3,1,16,1,6.0,39,2.564102564102564
6,199,No,3,1,17,1,1.0,25,12.0
6,200,No,3,1,18,1,0.5,25,8.0
6,201,No,3,1,19,1,6.0,25,4.0
6,202,Yes,3,1,20,1,4.0,28,0.0
6,203,No,3,1,21,1,2.0,28,14.28571428571428
6,204,Yes,3,1,22,1,6.0,27,3.703703703703703
6,205,No,3,1,23,1,1.0,24,0.0
6,206,Yes,3,1,24,1,6.0,29,3.448275862068965
6,208,No,3,1,25,1,4.0,22,9.090909090909092
6,210,No,3,1,27,1,0.5,27,11.11111111111111
6,211,No,3,1,28,1,1.0,38,5.263157894736842
6,212,No,3,1,29,1,2.0,35,8.571428571428571
6,213,No,3,1,30,1,4.0,30,0.0
6,214,Yes,3,1,31,1,8.0,35,17.14285714285714
6,215,No,3,1,32,1,6.0,34,5.88235294117647
6,216,No,3,1,33,1,2.0,35,5.714285714285714
7,217,Yes,3,3,1,1,6.0,32,25.0
7,218,No,3,3,2,1,6.0,30,10.0
7,220,No,3,3,3,1,8.0,30,13.33333333333333
7,221,No,3,3,4,1,2.0,34,17.64705882352941
7,222,No,3,3,5,1,3.0,30,16.66666666666666
7,223,Yes,3,3,6,1,7.0,29,0.0
7,224,No,3,3,7,1,8.0,20,15.0
7,228,No,3,3,10,1,5.0,33,12.12121212121212
7,229,No,3,3,11,1,6.0,30,10.0
7,230,No,3,3,12,1,4.0,25,32.0
7,231,Yes,3,3,13,1,8.0,29,20.68965517241379
7,233,No,3,3,15,1,5.0,29,20.68965517241379
7,234,Yes,3,3,16,1,3.0,29,20.68965517241379
7,236,Yes,3,3,18,1,4.0,36,8.333333333333332
7,237,No,3,3,19,1,2.0,26,7.692307692307693
7,238,No,3,3,20,1,6.0,31,9.67741935483871
7,240,Yes,3,3,22,1,3.0,35,20.0
7,241,No,3,3,23,1,8.0,36,22.22222222222222
7,242,Yes,3,3,24,1,8.0,36,16.66666666666666
7,243,No,3,3,25,1,3.0,31,16.12903225806452
7,244,Yes,3,3,26,1,4.0,38,13.1578947368421
7,245,No,3,3,27,1,5.0,30,16.66666666666666
7,246,No,3,3,28,1,2.0,35,0.0
7,248,No,3,3,30,1,4.0,22,13.63636363636363
7,250,No,3,3,32,1,2.0,33,18.18181818181818
7,251,No,3,3,33,1,5.0,25,12.0
8,260,Yes,3,2,2,1,4.0,18,22.22222222222222
8,264,No,3,2,6,1,2.0,17,17.64705882352941
8,266,No,3,2,8,1,3.0,37,2.702702702702703
8,267,No,3,2,9,1,4.0,21,19.04761904761905
8,268,Yes,3,2,10,1,6.0,19,10.52631578947368
8,269,No,3,2,11,1,5.0,23,17.39130434782609
8,270,Yes,3,2,12,1,8.0,34,20.58823529411764
8,271,No,3,2,13,1,7.0,23,4.347826086956522
8,272,No,3,2,14,1,2.0,28,0.0
8,273,No,3,2,15,1,6.0,36,25.0
8,274,No,3,2,16,1,7.0,26,7.692307692307693
8,275,No,3,2,17,1,8.0,27,11.11111111111111
8,276,No,3,2,18,1,4.0,30,16.66666666666666
8,277,No,3,2,19,1,3.0,37,5.405405405405405
8,278,Yes,3,2,20,1,5.0,25,4.0
8,279,No,3,2,21,1,6.0,18,0.0
8,280,Yes,3,2,22,1,8.0,23,8.695652173913043
8,281,No,3,2,23,1,2.0,17,5.88235294117647
8,282,No,3,2,24,1,7.0,17,0.0
8,283,Yes,3,2,25,1,3.0,26,11.53846153846154
8,284,No,3,2,26,1,4.0,21,9.523809523809524
8,285,No,3,2,27,1,3.0,36,11.11111111111111
8,286,No,3,2,28,1,8.0,23,17.39130434782609
8,287,No,3,2,29,1,6.0,30,3.333333333333333
8,288,No,3,2,30,1,2.0,24,4.166666666666666
8,289,Yes,3,2,31,1,7.0,25,4.0
8,290,No,3,2,32,1,5.0,21,0.0
8,291,No,3,2,33,1,6.0,27,3.703703703703703
9,293,No,4,1,1,1,2.0,9,0.0
9,296,Yes,4,1,4,1,4.0,16,12.5
9,298,No,4,1,6,1,2.0,6,33.33333333333333
9,301,Yes,4,1,9,1,5.0,10,10.0
9,302,Yes,4,1,10,1,8.0,7,0.0
9,303,Yes,4,1,11,1,3.0,10,20.0
9,308,Yes,4,1,16,1,4.0,6,0.0
9,312,Yes,4,1,20,1,6.0,5,0.0
9,437,Yes,4,1,34,1,4.0,10,0.0
10,328,Yes,5,1,2,1,3.0,11,0.0
10,329,Yes,5,1,3,1,7.0,9,0.0
10,330,Yes,5,1,4,1,4.0,8,0.0
10,333,No,5,1,7,2,2.0,9,0.0
10,334,No,5,1,8,2,8.0,9,0.0
10,335,Yes,5,1,9,2,4.0,9,0.0
10,336,Yes,5,1,10,2,6.0,9,0.0
10,340,Yes,5,1,14,2,5.0,12,0.0
10,341,Yes,5,1,15,2,6.0,9,11.11111111111111
10,342,Yes,5,1,16,2,4.0,11,9.090909090909092
10,343,Yes,5,1,17,2,2.0,13,0.0
10,344,Yes,5,1,18,2,5.0,9,11.11111111111111
10,345,No,5,1,19,2,4.0,11,0.0
10,346,No,5,1,20,2,8.0,10,0.0
10,347,Yes,5,1,21,2,3.0,13,0.0
11,371,Yes,4,2,4,1,4.0,17,29.41176470588236
11,376,Yes,4,2,8,1,8.0,8,0.0
11,377,No,4,2,9,1,3.0,11,18.18181818181818
11,378,Yes,4,2,10,1,6.0,21,14.28571428571428
11,380,No,4,2,12,1,2.0,8,0.0
11,386,No,4,2,18,1,2.0,8,0.0
11,388,No,4,2,20,1,8.0,11,18.18181818181818
11,389,No,4,2,21,1,3.0,17,11.76470588235294
12,402,No,5,2,1,1,8.0,11,0.0
12,405,No,5,2,3,1,3.0,11,0.0
12,406,Yes,5,2,4,1,6.0,11,18.18181818181818
12,408,No,5,2,6,1,8.0,10,0.0
12,409,No,5,2,7,1,6.0,10,0.0
12,411,No,5,2,8,1,4.0,9,0.0
12,412,No,5,2,9,1,7.0,11,9.090909090909092
12,413,No,5,2,10,1,3.0,8,0.0
12,426,No,5,2,23,1,2.0,8,0.0
12,427,No,5,2,24,1,4.0,10,0.0
12,431,No,5,2,28,1,5.0,11,0.0
12,432,Yes,5,2,29,1,3.0,12,8.333333333333332
12,433,No,5,2,30,1,7.0,8,0.0
